{
  "activity": [
    {
      "id": "activity_1",
      "name": "Awesome Walking Tour",
      "description": "Lorem ipsum dolor sit amet, consectetur adipiscing elit, sed do eiusmod tempor incididunt ut labore et dolore magna aliqua. Ut enim ad minim veniam, quis nostrud exercitation ullamco laboris nisi ut aliquip ex ea commodo consequat. Duis aute irure dolor in reprehenderit in voluptate velit esse cillum dolore eu fugiat nulla pariatur. Excepteur sint occaecat cupidatat non proident, sunt in culpa qui officia deserunt mollit anim id est laborum.",
      "tickets": [
        {
          "id": "ticket_1",
          "name": "ø",
          "price": {
            "amount": "10.00",
            "currency": "USD",
            "formatted": "$10.00"
          }
        },
        {
          "id": "ticket_2",
          "name": "Child",
          "price": {
            "amount": "5.00",
            "currency": "USD",
            "formatted": "$5.00"
          }
        }
      ]
    },
    {
      "id": "activity_2",
      "name": "Second Acitivity",
      "description": "This is Second Activity's Description. And This is for Testing. Thanks",
      "tickets": [
        {
          "id": "ticket_1",
          "name": "Man",
          "price": {
            "amount": "10.00",
            "currency": "USD",
            "formatted": "$10.00"
          }
        },
        {
          "id": "ticket_2",
          "name": "Child",
          "price": {
            "amount": "5.00",
            "currency": "USD",
            "formatted": "$5.00"
          }
        },
        {
          "id": "ticket_3",
          "name": "Woman",
          "price": {
            "amount": "8.00",
            "currency": "USD",
            "formatted": "$8.00"
          }
        }
      ]
    },
    {
      "id": "Third",
      "name": "Third Acitivity",
      "description": "Working well",
      "tickets": [
        {
          "id": "Child",
          "name": "ø",
          "price": {
            "amount": "10.00",
            "currency": "USD",
            "formatted": "$10.00"
          }
        },
        {
          "id": "Man",
          "name": "Child",
          "price": {
            "amount": "5.00",
            "currency": "USD",
            "formatted": "$5.00"
          }
        }
      ]
    }
  ],
  "availabilityDates": [
    {
      "date": "2024-06-01",
      "status": "AVAILABLE",
      "availabilityTimes": [
        {
          "time": "8:00 AM",
          "spotsLeft": 8,
          "status": "AVAILABLE"
        },
        {
          "time": "12:00 PM",
          "spotsLeft": 8,
          "status": "AVAILABLE"
        },
        {
          "time": "3:00 PM",
          "spotsLeft": 8,
          "status": "AVAILABLE"
        }
      ]
    },
    {
      "date": "2024-06-02",
      "status": "SOLD_OUT",
      "availabilityTimes": [
        {
          "time": "8:00 AM",
          "spotsLeft": 0,
          "status": "SOLD_OUT"
        },
        {
          "time": "12:00 PM",
          "spotsLeft": 0,
          "status": "SOLD_OUT"
        },
        {
          "time": "3:00 PM",
          "spotsLeft": 0,
          "status": "SOLD_OUT"
        }
      ]
    },
    {
      "date": "2024-06-03",
      "status": "AVAILABLE",
      "availabilityTimes": [
        {
          "time": "8:00 AM",
          "spotsLeft": 3,
          "status": "AVAILABLE"
        },
        {
          "time": "12:00 PM",
          "spotsLeft": 2,
          "status": "AVAILABLE"
        },
        {
          "time": "3:00 PM",
          "spotsLeft": 8,
          "status": "AVAILABLE"
        }
      ]
    },
    {
      "date": "2024-06-04",
      "status": "AVAILABLE",
      "availabilityTimes": [
        {
          "time": "8:00 AM",
          "spotsLeft": 1,
          "status": "AVAILABLE"
        },
        {
          "time": "12:00 PM",
          "spotsLeft": 0,
          "status": "SOLD_OUT"
        },
        {
          "time": "3:00 PM",
          "spotsLeft": 0,
          "status": "SOLD_OUT"
        }
      ]
    },
    {
      "date": "2024-06-05",
      "status": "AVAILABLE",
      "availabilityTimes": [
        {
          "time": "8:00 AM",
          "spotsLeft": 3,
          "status": "AVAILABLE"
        },
        {
          "time": "12:00 PM",
          "spotsLeft": 9,
          "status": "AVAILABLE"
        },
        {
          "time": "3:00 PM",
          "spotsLeft": 10,
          "status": "AVAILABLE"
        }
      ]
    },
    {
      "date": "2024-06-06",
      "status": "SOLD_OUT",
      "availabilityTimes": [
        {
          "time": "8:00 AM",
          "spotsLeft": 0,
          "status": "SOLD_OUT"
        },
        {
          "time": "12:00 PM",
          "spotsLeft": 0,
          "status": "SOLD_OUT"
        },
        {
          "time": "3:00 PM",
          "spotsLeft": 0,
          "status": "SOLD_OUT"
        }
      ]
    },
    {
      "date": "2024-06-07",
      "status": "AVAILABLE",
      "availabilityTimes": [
        {
          "time": "8:00 AM",
          "spotsLeft": 6,
          "status": "AVAILABLE"
        },
        {
          "time": "12:00 PM",
          "spotsLeft": 2,
          "status": "AVAILABLE"
        },
        {
          "time": "3:00 PM",
          "spotsLeft": 1,
          "status": "AVAILABLE"
        }
      ]
    },
    {
      "date": "2024-06-08",
      "status": "AVAILABLE",
      "availabilityTimes": [
        {
          "time": "8:00 AM",
          "spotsLeft": 8,
          "status": "AVAILABLE"
        },
        {
          "time": "12:00 PM",
          "spotsLeft": 8,
          "status": "AVAILABLE"
        },
        {
          "time": "3:00 PM",
          "spotsLeft": 8,
          "status": "AVAILABLE"
        }
      ]
    },
    {
      "date": "2024-06-09",
      "status": "SOLD_OUT",
      "availabilityTimes": [
        {
          "time": "8:00 AM",
          "spotsLeft": 0,
          "status": "SOLD_OUT"
        },
        {
          "time": "12:00 PM",
          "spotsLeft": 0,
          "status": "SOLD_OUT"
        },
        {
          "time": "3:00 PM",
          "spotsLeft": 0,
          "status": "SOLD_OUT"
        }
      ]
    },
    {
      "date": "2024-06-10",
      "status": "AVAILABLE",
      "availabilityTimes": [
        {
          "time": "8:00 AM",
          "spotsLeft": 3,
          "status": "AVAILABLE"
        },
        {
          "time": "12:00 PM",
          "spotsLeft": 2,
          "status": "AVAILABLE"
        },
        {
          "time": "3:00 PM",
          "spotsLeft": 8,
          "status": "AVAILABLE"
        }
      ]
    },
    {
      "date": "2024-06-11",
      "status": "AVAILABLE",
      "availabilityTimes": [
        {
          "time": "8:00 AM",
          "spotsLeft": 1,
          "status": "AVAILABLE"
        },
        {
          "time": "12:00 PM",
          "spotsLeft": 0,
          "status": "SOLD_OUT"
        },
        {
          "time": "3:00 PM",
          "spotsLeft": 0,
          "status": "SOLD_OUT"
        }
      ]
    },
    {
      "date": "2024-06-12",
      "status": "AVAILABLE",
      "availabilityTimes": [
        {
          "time": "8:00 AM",
          "spotsLeft": 3,
          "status": "AVAILABLE"
        },
        {
          "time": "12:00 PM",
          "spotsLeft": 9,
          "status": "AVAILABLE"
        },
        {
          "time": "3:00 PM",
          "spotsLeft": 10,
          "status": "AVAILABLE"
        }
      ]
    },
    {
      "date": "2024-06-13",
      "status": "SOLD_OUT",
      "availabilityTimes": [
        {
          "time": "8:00 AM",
          "spotsLeft": 0,
          "status": "SOLD_OUT"
        },
        {
          "time": "12:00 PM",
          "spotsLeft": 0,
          "status": "SOLD_OUT"
        },
        {
          "time": "3:00 PM",
          "spotsLeft": 0,
          "status": "SOLD_OUT"
        }
      ]
    },
    {
      "date": "2024-06-14",
      "status": "AVAILABLE",
      "availabilityTimes": [
        {
          "time": "8:00 AM",
          "spotsLeft": 6,
          "status": "AVAILABLE"
        },
        {
          "time": "12:00 PM",
          "spotsLeft": 2,
          "status": "AVAILABLE"
        },
        {
          "time": "3:00 PM",
          "spotsLeft": 1,
          "status": "AVAILABLE"
        }
      ]
    }
  ]
}